{
  "Author": "kirin-xiv",
  "Name": "Resonance",
  "InternalName": "Resonance",
  "AssemblyVersion": "1.0.0.0",
  "Description": "Enables synchronization between TeraSync, Neko Net, Lightless, Snowcloak and other Mare forks through decentralized AT Protocol.",
  "ApplicableVersion": "any",
  "RepoUrl": "https://github.com/EchoEngineering/ResonanceFFXIV",
  "Tags": [
    "synchronization",
    "modding",
    "cross-client",
    "decentralized",
    "at-protocol"
  ],
  "DalamudApiLevel": 13,
  "LoadRequiredState": 0,
  "LoadSync": false,
  "CanUnloadAsync": false,
  "LoadPriority": 0,
  "Punchline": "Universal cross-client mod sync.",
  "AcceptsFeedback": true
}